1719349645,女,其他,0.5
2620648747,男,上海,0.9999999999998871
1649155730,男,广东,0.9975245687630138
5502600566,女,山东,0.16124668880950033
2864110582,女,其他,0.0002203499491268968
6078562289,男,湖北,0.00018673591933193734
7053475177,女,湖南,0.9999604234675006
2370784220,女,江苏,0.00016268377111416932
1660881731,男,海外,0.0011411155293856725
1941073073,女,浙江,0.4313067461355746
5473941628,男,江西,0.008366734031351908
3911617807,男,陕西,0.991724221685956
1870549587,男,山东,0.9005289145486499
1974561081,男,北京,0.998182084490174
2614952174,男,江西,0.581140613608442
5766861971,男,山东,0.7479365344155489
5349906164,女,河北,0.030298804275990413
5366941041,女,其他,0.39433220011374426
2281874261,女,辽宁,0.7780841081186469
2723827643,女,其他,0.26006727081732417
2651262981,女,上海,0.926568157383143
1913938024,女,重庆,9.277868656931698e-05
3924812700,女,河南,0.9998919363617114
5710954940,女,四川,0.14202480375009408
5675253979,男,北京,0.9827473808201964
6648750563,女,上海,0.9999999980730316
5608245108,女,其他,0.013329116017853582
2302379500,女,河南,0.18921856809771032
1918566745,男,福建,0.9999679707750132
2826048342,女,浙江,0.2212805261544304
1235532021,男,北京,0.7019063481223816
2281325850,女,其他,0.55892399014376
3739238537,男,山东,0.00017983937381349513
2949246111,女,湖南,0.00128580095656472
1763594662,男,海外,0.0025239635846573405
6303095114,男,四川,0.5872754725490996
3925081345,女,浙江,0.3426319738671911
3831855215,女,重庆,0.9999999992153576
6519711616,男,北京,0.9401493932777172
2821638943,男,海外,0.013648539752399658
1979775303,女,陕西,0.13802126158560502
1624627681,女,其他,0.7001954978814253
1301155192,女,天津,0.9982158267736556
2894782431,男,四川,0.9999998357309886
5915255143,女,其他,0.5036096063629625
3042973207,女,江苏,0.9999998448096428
7599708610,男,其他,0.9998747715587408
5582306138,男,辽宁,0.04582959469520087
2212188093,男,海外,0.4260661850297487
2566246282,女,湖北,0.1706135711891441
3028372964,女,北京,0.008765115145497937
5553648176,女,其他,0.12516861538698798
5784528044,女,广东,0.546449591016914
3796780977,女,其他,0.005674481009064314
7531120876,女,其他,0.04960339697304472
1516718782,女,四川,0.017130731394437326
2160996730,女,广东,0.02584634007601605
6760371368,女,北京,0.9999911023833546
1752197282,女,上海,0.4214927961892783
3844489418,女,重庆,1.7765786300860675e-05
1898323124,男,山西,0.036346715940435925
1794294607,女,云南,0.6354454684989214
3506208924,女,浙江,0.4617464362276386
5626482035,男,北京,0.9999999025349132
6328777655,女,福建,0.9155011501667938
5943262685,男,湖北,0.999999999019185
6995325546,男,北京,0.0009818352209285397
7562289407,女,广东,0.015036646938671459
2091081121,女,北京,0.9997952058928636
5070411221,男,四川,0.4424838073565843
3362575712,男,浙江,0.002326136465830353
2370142823,女,上海,0.30510586216414115
1650363317,男,上海,2.2208893124542328e-07
1734024817,男,广东,0.9999999994725504
7119939099,女,广东,0.0001804125909058429
7266900657,女,北京,0.9984735073298014
1015799134,男,其他,0.4110117979623321
1231989110,女,辽宁,0.9812613639834588
5512809973,女,北京,0.03752491052674545
1662218141,女,其他,0.9317715270576192
5810668040,女,福建,0.4191010450690985
2803611623,女,湖南,0.7237849652722553
2646984393,女,香港,0.030962262011479887
6906195577,女,辽宁,0.06550593996910603
2472001584,女,陕西,0.3658392699413502
2474709167,女,安徽,0.013661639025471241
5408364552,男,海外,0.5152046556237794
2767586321,女,内蒙古,0.9999872624500908
3268017223,女,浙江,0.8797574213297009
1656738115,女,北京,0.9997490187129936
3190367720,女,广西,0.8003069145508928
3967052604,男,北京,0.07381286979280821
5404683573,女,其他,0.7976865758624659
5913541641,女,北京,0.8310282336723991
1267775677,女,北京,0.8703365021133785
1987105705,女,北京,0.8678893984693015
1412773094,女,北京,0.2998134476568817
3710443751,男,吉林,0.993684027962342
3279295554,女,广东,0.7265034179567739
5680808390,女,河南,0.037368844192872015
1891026124,女,山西,0.0038502540466873736
2194469423,女,其他,0.4837744505507472
5386094743,女,海外,0.9280197916797068
5731549374,男,其他,0.03051509621233417
1158599865,男,北京,0.09890808076588696
5890484621,女,广东,0.004154377116457497
3680639981,女,其他,0.627272976174324
1897723622,男,四川,0.7031177781886776
7035951266,女,香港,0.999999999999907
5982733533,女,海外,0.008451872382303938
6215292720,女,上海,0.6963326106147683
3486510475,男,江苏,0.9995887171181304
5284488134,女,湖南,0.0008383273606989983
6276346464,女,河北,0.997961705846343
7470400989,男,内蒙古,0.4198163845034209
3162082812,男,其他,0.02263828128157419
5043227589,男,海外,0.1901047295276982
3668581660,男,北京,0.4423179023924168
3061928425,女,山东,0.7294069185547404
1593803463,女,湖北,0.029436875528461526
1798572100,女,其他,0.051177454610722095
3871004636,女,湖北,0.021950057387843055
5982398082,女,四川,0.7035003202631415
3224567513,女,湖北,0.9999995497289178
1279693157,男,其他,0.9999999999656752
5370966889,男,河南,0.4899416471532914
2146579790,女,广东,0.015607763243346897
2945394960,男,江西,0.01867672947734167
6400896326,女,陕西,0.016514316798989737
1618144985,女,海外,0.6749993922987871
2710680561,女,上海,0.8717165455962319
1618437204,女,北京,0.9070602893855134
5886617411,男,海外,0.999805812739654
3109015113,女,湖南,0.002716632871556768
5103065081,女,其他,0.7854642932533297
1189425332,男,广西,0.00010661013936430486
2602378141,男,湖北,0.993646401812726
2107737674,女,云南,0.8405334581535534
2897653593,女,陕西,0.6196090946639016
6860485998,女,天津,0.0012083027213848352
2729930037,男,辽宁,3.0067138960254706e-05
5566862028,女,云南,0.9264939651256208
1715864593,男,河北,0.9918475851230756
3941647076,女,其他,0.20511685468143426
3295595294,女,其他,0.0013460950199080113
1813124293,女,四川,0.7326953682150849
2024128473,女,山东,0.9999477079330868
3697594187,男,广西,0.9461662297439358
7306909315,女,上海,0.16483453328356654
1939682450,男,浙江,0.3708783711105336
2009850387,女,北京,0.00022267362118177925
3788169283,女,北京,0.7905802670146356
3210924833,男,海外,0.6902637426950294
1792120361,女,福建,0.2596982476116759
1969030412,男,湖北,0.007665013691172895
5494728471,男,吉林,0.16508739124435068
6544455085,女,山东,0.06330385546011953
2519929382,女,安徽,0.0018479637640285151
7003136217,女,海外,0.9398203509909844
1420841140,男,湖南,0.98646971015539
6207834089,女,江苏,0.7531279944745501
5579099589,男,安徽,0.9965804138022736
5720883282,女,其他,0.0006742592221075093
3123721630,男,其他,0.05544837908559719
7565770086,男,江西,0.9603750674069504
5506185677,女,其他,0.011157292061992896
7039615755,男,四川,0.16003823260214833
5480278666,女,河北,0.5308616447519798
1740977095,女,广东,0.9999999158306688
2437138007,男,山东,0.02658470751792596
3040916007,女,辽宁,0.19209115011847389
5666751131,女,其他,0.9958009996978324
7603597565,女,其他,0.7145146001484848
1240823514,女,天津,0.08230863571029001
6243593194,男,湖南,0.9999923981467806
5425985446,男,山西,0.006307284126800815
5133100611,女,四川,0.002983245137977541
2034834741,女,其他,0.9999999999908908
2161175684,女,重庆,0.9999999658538936
2880114044,女,湖北,0.21189418762578416
5480412715,女,甘肃,0.061657983735899265
3303931987,女,其他,0.07460443995155719
1592150120,男,上海,5.186843731297408e-05
5977583009,女,湖北,0.2989349457118148
1628860034,男,北京,0.004584433037747804
1750832880,女,福建,0.7126894257192018
1726925797,女,海外,0.9724819498775996
5265596169,女,广东,0.980872841992731
2265571912,男,广东,0.001345350597921402
1108201483,男,广东,0.011885494846364251
5879231928,男,其他,0.005704740633361127
1783290797,女,海外,0.9784218120055456
3334017434,女,安徽,0.0033511229420385424
1880410557,女,北京,0.0007831118207390907
1825650297,女,福建,0.9723838675001392
6837667698,男,河北,0.08482903025489619
5503864294,女,其他,0.8608484711620441
5389158246,女,新疆,0.2528326723554487
3219875583,女,海外,0.0031966392826753287
3283997347,女,海外,0.6959694546687041
2018559671,男,广东,0.14579764999707254
2926909123,女,黑龙江,0.5375530396963191
5770298742,女,广东,0.8346746791764064
3934782600,女,山东,0.9744809016850396
1739002705,女,浙江,0.05115656038697092
3798845331,女,北京,0.9999999971447886
1753234403,女,海外,0.32504928426515345
2583959517,女,北京,0.9970218973070524
2700845414,女,浙江,0.9377639852232856
1964806843,女,海外,0.99999999999873
2707924847,女,海外,0.5311326700441841
7313270362,女,北京,0.6244342109804446
2814489417,女,重庆,0.8931388950081062
3123009451,女,山东,4.504522768455921e-06
3122096742,男,其他,0.29388485092256844
1822271003,男,其他,0.20136515981453676
2083111511,男,北京,0.760886958390871
1890964423,女,其他,0.24340860938246345
1923886253,女,海外,0.9945206938385702
5521645971,女,山东,0.5819335894976246
6436809606,男,海外,0.10766811281021138
1878991643,男,江苏,0.3521013767233835
5329282356,女,山西,0.6911659583231939
1883740884,男,北京,0.9999865917101788
6053278987,男,河南,0.08088469030764878
1732719417,女,北京,0.37795314228271504
7505137111,女,福建,0.9122759630251096
5615696954,女,湖南,0.006595170744387646
2284510483,男,广西,0.1127019788637249
5485954268,女,北京,0.03220299312356556
5022290766,男,上海,0.9999999946183712
5227752079,男,山西,0.11199603230849486
2126337124,女,海外,0.99957735639971
1040016687,女,上海,0.01879306174206308
5370247576,女,天津,0.8448026611293447
5707391129,男,湖南,0.00916917499085157
1750992011,女,广东,0.17201535748608102
3920064274,女,江苏,0.6943710896616898
2025661723,男,山东,0.4844509553745218
1885286525,女,台湾,0.83867686442378
6014749173,男,北京,0.031318522254703114
7243442311,女,其他,0.02090026024551672
5195582852,女,广东,0.2753542632737809
3478733772,女,吉林,0.4338527904552809
2687291020,女,天津,0.007190117572378195
3334142714,男,陕西,0.9324102489888209
5687540195,女,海外,0.9976176136305416
1951805521,女,北京,0.02660125783696277
1783634713,女,北京,0.0436327586658557
2152695884,女,辽宁,0.003253983372108804
5613891989,女,广东,0.11572724462494345
1492699664,女,北京,0.6386025820644431
1892363205,男,福建,0.26138790482818675
2045168107,男,浙江,0.9999999983104428
3019274011,女,辽宁,0.028758309626551792
3205032951,女,内蒙古,0.10828361854885638
1624137625,男,北京,0.9913948401892648
5457398481,女,河北,0.6195267039112151
5244183267,男,安徽,0.9979548867916728
1799299045,女,河北,0.3032533618216657
1815422742,男,广东,0.9906536326337828
1135519843,女,其他,0.9880245173190176
2072098161,女,重庆,0.00017613594844001493
3829610365,女,上海,0.16409018080929086
1842074147,女,江苏,0.1739131956251606
1256773011,男,四川,0.9999821552144268
2726414075,女,海外,0.9999302189468235
5375354932,男,浙江,0.26188459706860995
1440021635,女,北京,0.5092351430937342
2710603090,女,河南,0.3703517691452772
5191968117,女,其他,0.006065660962560226
7270459191,女,湖南,0.07631983136984466
1875332097,女,广东,0.5508829953093942
1808447862,女,山东,0.16158679032627846
3866413870,女,山东,0.8839286455042668
1298230512,男,北京,0.999999999815682
3986568718,女,山西,0.0028304631998838925
6400687926,女,北京,5.848962703058902e-08
1758168181,男,山东,0.3778068269329435
5143715377,男,江苏,0.009217002422102771
1963151845,男,北京,0.9672272859968208
2781649783,男,河南,0.9999999999995306
5572891526,女,陕西,0.580213805482054
1225725245,女,河北,0.0030691129208721968
3654385413,女,广东,0.0005776056159568776
6882002912,女,其他,0.02792594753419575
2801160740,女,浙江,0.9866588774665924
2703209792,女,海外,0.03086318577353875
6026357648,女,重庆,0.8769772375939016
1852524411,女,吉林,0.016653013034695463
3301578031,女,海外,0.0955436407513932
5254758580,女,辽宁,0.25703626577855354
1700299103,女,山东,0.3225213628529577
1784631223,男,广东,0.10024618423697527
1900800941,女,其他,0.9992835888846959
5083679470,女,湖北,0.9999852373039696
5225040131,女,辽宁,0.10551295567339614
6374541436,女,江西,0.4258851206967037
1106013620,女,广东,0.9920311433533529
3759168215,男,湖南,0.9952501404766356
1968262035,女,其他,0.2162948735630608
1302127684,女,浙江,0.9453579530332931
6329817319,男,湖南,0.6424173636692524
1718622107,男,上海,0.9920235018749544
5871938413,女,广东,0.646244780191798
2704431903,男,江苏,0.9891384385010624
2707578137,男,其他,0.5452393952704739
3287612441,男,其他,0.99046141814482
2639365673,女,河北,1.5543122344752194e-15
1923701143,女,海外,0.992505984426704
5498357644,女,广东,4.613846602996573e-06
5876758369,女,其他,0.02388884031308081
1214716117,女,黑龙江,0.3364328973462529
7121642724,女,其他,0.008104663405647194
1746695027,女,海外,0.5750896851282378
5568743567,女,上海,0.9735674321853441
5848752575,女,安徽,0.9998298419510872
7515444628,男,河南,0.9999914760150836
1788717373,女,辽宁,0.0006260999710524517
2997643263,女,其他,0.9999776431034676
5529558248,女,山东,0.5006418257872443
6126474705,女,广东,0.6032525058352379
1402994162,男,福建,0.8090489443926696
7626249133,男,四川,0.9999999722989932
5385476545,女,河南,0.0008787628839552752
1413142663,男,其他,0.9948935867222316
2294832384,男,其他,0.07885932134381947
6524635948,女,北京,0.03220767711630046
5425550897,女,浙江,0.9995081146919832
1752885512,女,海外,0.999979455833342
5200264868,男,海外,0.027000600765569205
2865007802,女,浙江,0.999999999977365
3536797942,男,山东,0.5169087146766378
2616946807,女,上海,0.03490617192482759
2822805792,男,云南,0.9995653143852256
1765981287,女,山西,0.9831666462585776
2811490621,男,海外,0.020282306794949027
2741644567,男,湖南,0.9867224964881866
1750534373,女,其他,0.9999628680308312
5271225109,女,北京,0.1269883471351625
2668943002,男,上海,0.4986347659773162
2469206600,女,广东,0.03199509536778833
1421104684,男,北京,0.05417167282618185
1644208324,女,其他,0.9999938149559588
3817457555,女,其他,0.033665080223237775
5376623088,女,江苏,0.000637382645918616
3025316977,男,四川,0.6942213444302634
5075433396,女,北京,0.9654167112968266
6466833883,男,湖南,0.6984131132328685
1458027943,男,海南,0.12359161866255065
5207827164,女,其他,0.024711264607656932
2684913791,女,浙江,0.9999891874024656
2050260197,男,北京,0.995137883934572
2183570524,男,北京,0.9999969381778444
5505498726,女,辽宁,0.14731004197247174
5066986792,女,广东,0.00816430440703686
5538577817,女,上海,0.5272492385073625
2175248790,男,安徽,0.2926225475919123
2660844271,女,四川,0.8399001739743388
5536767084,男,陕西,0.9656016881470922
2106697450,女,陕西,0.7457621502991616
3761901613,女,北京,0.7493735452324531
5984962646,男,福建,0.9818539685362672
2332091843,女,天津,0.02031598332548179
1980708047,女,广东,0.9999999998649588
1685631765,女,海外,0.9999872734541384
5428810305,男,山西,0.999999463835083
3094290237,男,重庆,0.9826936447649404
3542499612,女,其他,0.9997028633997814
5819132042,女,其他,0.864459694325881
5871113358,女,安徽,0.03528353114886973
2491450071,女,辽宁,0.9939062786197596
5663133624,女,上海,0.578647808470183
5743446420,男,江苏,0.01584351352364011
1180073913,男,北京,0.8453088745063373
5476855771,男,其他,0.00032835523039653763
5974585848,女,四川,0.7081343455035167
6128338938,男,北京,0.999999978580396
1919542037,女,重庆,0.5564047244917485
6883172264,女,四川,0.7333039817003859
6279486469,男,广东,0.8475912297757127
2074098912,女,广西,0.9999993125039164
1960031181,男,甘肃,0.9918980286421248
3037234295,女,其他,0.0267996387790006
6753510441,男,其他,0.9971749524328932
1762403144,女,河南,0.8858580059565486
6276470025,女,海外,0.9875402290064292
5339844465,女,河南,0.00918439717164954
7246834728,女,江苏,0.6123987319802714
3226475975,男,澳门,0.00042377429431150754
1768976195,女,广东,0.9999997190978416
5342442871,男,广西,0.19295497227059444
2903604800,女,广东,0.9952486783512748
3916141503,女,湖北,0.006231037087144342
3817163614,女,北京,0.4763025780864035
1861477054,男,浙江,0.9443542747053181
2698593531,女,广东,0.7320884567822852
2051277625,女,北京,0.9777302413125392
5880474799,女,广东,0.04316790783620095
5955460009,女,北京,0.006699651404914353
6563153047,女,福建,0.19121378702587946
5261423175,男,其他,0.9786131058411534
1797773862,女,安徽,0.9999961100331721
3994341568,女,四川,0.9419933541365983
2969719565,女,海外,0.9999995819659486
3529830974,女,北京,0.16841428482136778
6019506622,女,其他,0.944326535284397
6299421654,女,海外,0.01287210876335343
1180860635,男,黑龙江,0.0007658246583458482
3297979751,男,云南,0.8387073093877029
1789742195,女,江西,0.9999977889824436
1650926392,男,浙江,0.19839014494459264
1792728992,女,山东,0.977300816271834
1403025472,男,安徽,0.09144859969432396
5374662256,女,台湾,0.4059331658833617
6894443132,女,吉林,0.9999238103443808
1807092290,女,海外,0.9999990813488718
5499991364,女,山东,0.30712989389331913
6600981571,女,其他,0.09020063774951093
2840798673,男,台湾,0.28293888374739
5672199786,女,辽宁,0.05358462594199431
5985242650,女,北京,0.9968310305472112
1652069361,男,北京,0.9998351732596182
1112928761,男,广东,0.9999999999547204
1590088022,女,天津,0.4709643461137494
5241887994,女,广东,0.6139394539652724
5380501825,男,江西,0.0011836982695825338
2132006401,女,浙江,0.9842985025513776
1826111200,女,上海,0.9999999894217584
2942159911,女,其他,0.02387934327411967
7620928557,女,北京,0.9975798800376752
1049482352,女,北京,5.750653171410214e-05
1774965254,女,海外,0.6927967196312568
6018560006,男,其他,0.006316310075381915
2163417162,女,北京,0.0010510144009723275
5308625464,女,江苏,3.548251043550277e-05
1337970873,男,河北,0.03889351054412271
1572125555,女,山东,0.9893514171586322
1429406422,男,海外,0.5048840830340972
1951893153,女,山西,0.3591518303661406
1315434165,男,北京,0.007802952541451802
1043483407,女,山东,0.006457881170648827
3592148324,男,海外,0.9999999987629392
1884558750,女,北京,0.04932197089971602
3874650244,女,其他,0.01736053541395544
5806937798,男,海外,0.9983523345065808
2232026995,女,四川,0.3324528090913701
5571701828,女,四川,0.996404898530302
1656192800,男,浙江,0.7209593669281174
7315816968,男,江西,0.9894836943936148
1839568425,女,湖北,0.9543112025982796
1063687330,女,上海,0.9680857499270832
5326750151,女,江苏,0.9999963792595395
6438522762,女,新疆,0.054566165192733496
3814571502,女,湖南,0.9999345247361578
6550347933,男,上海,0.06879147875535863
1569604251,女,山东,0.13364260831572905
3610884844,女,辽宁,0.0007060558156410933
1951859012,男,海外,0.4475234786087299
1153588720,男,山东,0.013954739609905896
5871676948,男,辽宁,0.9999996235081138
5544505726,女,海外,0.0783993854211612
5654622567,女,广东,0.2342395715491548
5871081637,女,其他,1.319046749603814e-06
1393633983,女,广东,0.16376984135993056
6094785552,男,北京,0.97413523609262
2159935314,女,广东,0.908082149836132
1400582340,女,北京,0.9003312112118068
2723615571,女,黑龙江,7.767212369669263e-05
1819759473,女,北京,0.8122768904669463
1953478172,男,澳门,0.8184045216000219
5627394313,男,其他,0.999999998885302
1774430847,女,广东,0.6275898053646193
1557952645,女,其他,0.9986162664569708
1856319760,女,广东,0.9944562443893679
5770794741,女,海外,0.9976901636744362
5317934877,女,北京,0.059157898434115785
3264559021,女,北京,0.9684062533909666
1767662955,女,山东,0.08232900707998425
5258331750,女,浙江,0.008417938816816628
2794134627,女,江苏,0.6451041829488126
7509352124,女,江苏,0.00047707900111459983
2610179962,女,江苏,0.05343421527295333
5642442301,男,海外,0.9976843075905856
5659605393,女,福建,0.22161019957498607
1651571181,女,其他,0.0027809615396298115
5532648623,女,四川,0.10639538081802236
1642720425,女,河北,0.9101499217293968
3220076837,女,浙江,0.00521872563636394
6528856933,女,海外,0.9999233189819544
2497343127,女,广东,0.07815174225220645
1779809207,女,海外,0.9822238967935836
1592229153,男,河北,0.003804533423816925
2764932381,女,辽宁,0.7937908084896484
1104722114,女,江苏,3.137837729738635e-05
6424677341,男,宁夏,0.9786061196476163
1329201253,男,上海,0.002579789352645689
3177811847,女,贵州,0.6616655179459171
3597788042,女,吉林,0.9308880389188467
2990179805,女,北京,0.9092915820694464
3509151700,女,江苏,0.6967669304407647
3760017990,女,福建,0.9950830677101312
5729674988,女,其他,0.20592861852103614
1347373307,女,浙江,0.4210067512240153
5112215623,女,广东,0.0005311281577977667
5514437367,男,北京,0.8860143040056163
1733826827,女,湖南,0.8662792719415362
5311862572,女,安徽,0.9999995070324398
1706476010,女,河南,0.9999933345514688
6073284214,女,重庆,0.00498638605973889
6049215705,女,其他,0.3890045939518905
2250595583,男,河南,0.9999735319576606
3087829285,女,海外,0.10419505763308834
5625049032,女,其他,0.9986185223577768
7106685988,女,北京,0.9998203174001808
2640993033,男,河南,0.05028706658165416
5998049757,女,辽宁,0.08468448868551559
6856301581,男,西藏,0.0013532951921000347
5619261793,女,广东,0.00010205686584352502
5130534622,男,上海,0.9997788546980572
2169251197,女,其他,0.0880141756384365
5601886297,男,河北,0.14573367621677868
2810433404,女,其他,0.7212693063478685
5634461104,女,辽宁,0.15027329898340416
2493887081,女,重庆,0.062204124529549376
3929607010,女,其他,0.7335903358560167
3084193190,女,安徽,0.060409567666430124
1865867192,女,四川,0.10895046437276434
5075832509,女,海外,0.9999999753567826
2211091927,女,浙江,0.6828299946429862
3297686893,女,海外,0.4807479502635923
1924327611,女,湖北,0.036748574441612725
1670441633,女,北京,0.09893712056729642
3860330981,女,安徽,0.0575201811095315
6260031137,女,其他,0.9761716759966342
6174602953,男,山东,0.0039868660075407245
5518017813,女,其他,0.7406758346958324
5493913801,男,河南,0.002867314368368401
3905900047,女,陕西,0.01958696424365669
2925856575,女,湖北,0.0026784929785679252
1396849355,女,辽宁,0.9376382053898706
6651502339,女,浙江,0.010443135564777606
5492866497,女,甘肃,0.002135319680901193
2766907881,女,湖南,0.05536185534284155
2636425331,女,福建,0.9926841881890559
3774291475,女,北京,0.996266625822655
5108630207,女,其他,0.216591742576468
7142791766,女,其他,0.14171052901332049
5697379668,女,重庆,0.08278338150636466
6470231629,女,广东,0.01362309783337856
5555754021,男,河南,0.7297069323665782
5319434540,女,海外,0.4005052099272178
7538684170,女,其他,0.9967494380341816
3971610160,女,其他,0.009865720138044765
1885120091,女,湖南,0.2694088614364669
1257904100,女,浙江,0.9219353038303828
2701075570,女,其他,0.00968279150018525
1341740644,男,上海,0.9975008924646074
2110815175,男,澳门,0.9963492089239884
1059938771,女,江苏,0.7775673923298634
2905899117,女,其他,0.6530095798420004
5267776494,女,陕西,0.0052808136960814656
1592917513,男,海外,0.00280168467137476
6046160846,女,湖北,0.9356641698767912
6069256057,女,贵州,0.005108943318819281
6189469730,女,陕西,0.9978379656073936
6054599809,女,湖北,0.08582063503612414
3929649644,女,湖南,8.773993763200316e-06
3736428637,男,山西,0.8456616972797408
1986330263,女,陕西,0.10380214859337833
7618313942,女,其他,0.9649211382985386
2287365501,男,其他,0.8980678330677004
1966412137,女,四川,0.3656861272836767
1999965085,女,河南,0.8255117109298019
1664773191,女,上海,0.9912411612961964
2370264211,女,上海,0.17341391150537955
1611229123,女,天津,0.2849312803150125
5507896881,男,山东,0.9385768656671848
3616193987,女,安徽,0.0005062013213396055
1736682645,女,河北,0.019554367573922482
6213970460,女,上海,0.9145582862330406
2972386084,女,湖北,0.16129845527019604
3645240607,女,上海,0.0037012648982730494
1846902731,女,重庆,0.9991546388275502
3233677941,女,海外,0.04683794480723913
6594271017,女,河南,0.0653508617029106
2363618847,女,其他,0.18486130338084827
1726359482,女,山西,0.1048291516819736
1559091540,女,黑龙江,0.1697156921582379
7514333086,女,广东,0.9998945324553236
2850495400,女,其他,0.2992776702987125
5589156929,男,山东,0.001955460788315766
1869052445,女,其他,0.00982101982404382
6073968896,女,澳门,0.6430341823323261
6221338564,女,河南,0.030563139018609412
6206401969,女,河南,0.9999594474111833
3224264544,女,山东,0.054488934144431234
5636002928,男,吉林,0.0004751378011634833
5577570933,女,河南,0.31876490828963633
6456154072,女,湖北,0.0006329454829105963
1101240824,女,广东,0.7833256617274926
1053364655,女,四川,0.9996151743264884
2867947633,女,北京,0.9036887850391816
3879369349,女,其他,0.9930080972205066
5820828523,女,河南,0.9984994882571768
1683314483,女,上海,0.1838968204716012
2608785363,女,辽宁,0.9999999999999972
2795539677,女,海外,0.9987400051143988
2352103104,女,北京,0.9996879940280988
5985506341,女,湖南,0.09384762132033864
1215077424,女,其他,0.005160561352506089
2648013263,男,上海,0.007060406990913148
1427139674,女,广东,0.01878606663626925
5271916632,女,江苏,0.670505207518836
2611305817,男,山东,0.007588174194748999
5703861372,女,湖北,0.015811392053787343
5234488065,女,江苏,0.019788864850109774
5516286146,女,辽宁,0.447619858601124
2325104947,女,浙江,0.05659018995922682
5442857044,女,山西,0.004494161592050515
1626914390,女,江苏,0.010151178500780178
3163565820,女,广东,0.9981199911801252
2607894151,女,河北,0.0038288602235851954
3017590471,女,山东,0.006633743802957004
1876107857,女,澳门,0.9063268571760279
5268849936,女,云南,0.9356882386421318
5935436376,女,辽宁,0.4379540626261217
3722322232,女,山东,0.9427811992793153
7456772808,女,河北,0.35404246556794305
1827061541,女,北京,0.9999999985282786
5484083845,女,湖南,0.009949278668045514
3732976425,男,海外,0.01602664380820029
2576556212,女,重庆,0.9802322047367084
1919518104,女,云南,0.7280000512477331
6882425441,女,上海,0.013961723749934095
5481060677,女,其他,0.02441968248913451
3042654871,男,湖北,0.0021143329846148307
7041173368,女,海外,0.15463711740747932
2480939244,女,上海,0.5327658755207536
3261938072,女,山东,0.9898974415589612
5383103450,女,海外,0.9919154560294124
3012873277,女,江苏,0.999999998613885
1659273132,男,海南,0.9999841688426768
7346276622,男,浙江,0.0015677047967299627
2847372745,女,山东,0.9164332630295776
5661947589,女,河南,1.3064289748454527e-05
1450815690,男,其他,0.19266080981234115
5605408014,女,山东,0.22614516611262725
5878473798,女,浙江,0.00021011074144761108
1915878710,男,四川,0.38675249733583583
3849780690,女,陕西,0.11562941978259401
3962183753,女,河南,0.05644596558114801
6255376391,女,其他,0.04530720658153553
2109249570,女,浙江,0.9994701265311228
5948971681,女,其他,0.9999263695203076
2945140647,女,山东,0.9999986880413922
1654835464,女,湖南,0.5836882980266729
5674298516,男,辽宁,0.005778566901327387
5271188529,女,河南,0.004996031175853233
6880893904,女,其他,0.005260882604725015
5869685325,女,山西,0.9999981075052796
3225423084,女,陕西,0.15688211061137125
2219611243,女,其他,0.030620483518106763
2854281735,女,河南,0.9999876370385606
1914061993,男,江西,0.9999998931483016
2629567321,女,安徽,0.8789150459035718
5189789763,女,广东,0.9413432580697132
1184333280,男,其他,0.9087547258921818
3022010475,女,江西,0.9999999972616256
2452488395,男,河南,0.9999999999998512
1871522561,女,天津,0.16416566378761366
3154311725,女,四川,0.9926881998551328
5185342555,女,辽宁,0.7260302475736771
1928044191,女,广东,0.999910823358771
1771964942,女,湖北,0.023742079401485428
3186157335,女,四川,0.017937288594826132
3928379643,男,辽宁,0.4491241087491975
6883060031,女,海南,0.9998840841991684
5332465240,女,其他,0.02658380763241253
5634669170,男,其他,0.021418580594397833
3299134125,女,其他,0.004576464054311669
5500185316,女,黑龙江,0.2312056803124555
5207840401,男,浙江,0.0005443802839600886
3173265897,女,其他,0.010272410035710557
2298447463,女,浙江,0.18489340436829127
1360307403,女,其他,0.177748247735374
1736937904,女,湖南,0.9999989177255092
1808021604,女,浙江,0.00012898329429256172
5446515343,女,天津,0.9999848476379246
2951689017,女,浙江,1.0283213648376588e-06
1820723252,女,广东,0.8242161446568831
3807570813,女,北京,0.2223233207992477
1962379113,女,江苏,0.9421481133311224
1714118082,女,山东,0.9972860605200952
2021250327,女,北京,0.05404686198332132
1801504320,女,辽宁,0.9574610288841896
5375327687,女,海外,0.9414273952756044
1736693744,女,北京,0.9530766092391554
5206927067,女,吉林,0.0700259413899893
5323974738,女,其他,0.991718605057304
1895330815,女,北京,0.9999999953368829
5827647890,女,贵州,0.07536556156323493
2550345364,男,吉林,0.6953150115774762
2821678972,女,海外,0.9756533412103408
6360172916,女,海外,0.7984821956237265
1897616191,女,北京,0.9438740439100632
5287874365,女,浙江,0.04027158254413976
1892507122,女,江苏,0.06437220603230842
2181316930,女,海外,0.9891284858871204
3173611310,女,海外,0.8176904593774564
6347507603,女,广东,0.9877825340362356
5622432045,女,其他,0.0017374120647727365
1776000203,女,江苏,0.8364852129603041
2969727463,男,浙江,0.5245409111925928
7553889231,女,江苏,0.2299872234394491
3889205174,男,其他,0.9950217451124708
5394592776,女,浙江,0.7808770398402068
5653400715,男,上海,0.8138530637269351
2554438091,女,四川,0.2171070614942162
2964699207,女,海外,0.9793960958295144
2824208325,男,河南,0.986305505213968
2803923055,女,上海,0.023452919267557548
2654092087,女,辽宁,0.6790925802552558
5704959844,女,上海,0.99974443713782
3964549017,女,贵州,0.3055490824474797
2823878263,女,吉林,0.5020306295666276
5940023404,男,其他,0.056177285589283484
2725698931,女,其他,0.9783527979777108
1264185595,男,北京,0.04135826688837596
6020791497,男,河北,0.033400936939520176
5951451482,女,其他,0.002051091303255204
2650591673,女,辽宁,0.0642303005037671
5119364491,女,辽宁,0.0033104692556964466
2273529342,女,广东,0.8530274196151907
1829879463,女,海外,0.9995716711899616
2362425630,女,浙江,0.14184803244085453
1216073571,男,北京,0.9999887606891648
5743083812,女,安徽,0.0226384886878217
5675575477,女,吉林,0.3646716364794269
1946085167,男,广东,0.046399358610185286
2812614151,女,福建,0.06216269713518462
5852337209,女,陕西,0.9987286308268051
1741354324,女,海外,0.040655203189672966
5290370537,女,河南,0.22516295292665145
7325475430,女,海外,0.8818880623458082
1795176045,女,浙江,0.03426166643783035
6523563558,男,北京,0.9274355724479668
5824900721,女,辽宁,0.9999999359320256
5285422821,男,山东,0.5105537480954747
2708182343,女,山东,0.7173183602538851
6040760058,女,辽宁,0.9997244575376562
2200567061,女,北京,0.9999656535272842
6377778646,女,湖南,0.04383890722359418
1724386554,女,其他,0.00033677909521134813
2923119295,男,湖北,0.9999912993034488
1860111044,女,广东,0.00797553237001325
3484856883,女,其他,0.998851733356684
6381662525,女,上海,0.15383232003786584
6370525751,女,海外,0.8866045731550475
5816710321,女,山东,0.15395909780385095
1074290232,女,浙江,0.9071230883407468
2932914487,男,其他,0.03643604247731447
6353161643,女,天津,0.7212292020638145
5729175327,女,上海,0.9999678965298564
6288364793,女,其他,0.5303315807812471
3830437741,女,广东,0.5025620660882403
1906123125,男,吉林,0.0043068035954835215
5492484937,女,山东,0.08551164562190383
5681113753,女,四川,0.9999999992937704
5898718705,男,山东,0.7431054555203337
5873777324,女,西藏,0.2324920359671291
1727398975,女,广东,0.9999017357154504
1735973627,女,海外,0.14154313344186953
1769638541,女,其他,0.055157538156216164
2791641553,女,山东,0.4935571019566438
5180487760,女,安徽,0.3332026617803755
1770389943,女,河南,0.9701486862986286
2950182841,女,广东,0.09113769718405228
2960359790,女,海外,0.999635867660996
2768055115,女,广东,0.5595434567153538
2451628715,女,重庆,0.033721611497340535
2315619625,男,辽宁,0.8090784336512454
5699423729,女,浙江,0.11120358226987036
5552162946,女,陕西,2.4108609896877912e-05
6537525021,女,山东,0.8669008131141416
5124292593,女,四川,0.995619922712286
2347124801,女,海外,0.7266239226790889
1698224411,女,辽宁,0.24248642911953974
1739940741,女,海外,0.7824757018038588
6094960040,女,山东,0.3076322567228922
2299449037,女,四川,0.9192590364924222
6088149269,女,北京,0.12153369762910572
2616629014,女,上海,0.01591520474925956
3114521531,女,辽宁,0.01046189817913412
5982032146,女,江西,0.95890144900505
2151673090,女,海外,0.9449563059729396
3230212934,女,河南,0.022195248484195518
3528091944,女,四川,0.015400287441348581
3625464223,男,天津,0.9908921735816744
3432746312,女,湖北,0.40361060553363104
